{
  "Mean": {
    "confidence_interval": {
      "confidence_level": 0.95,
      "lower_bound": 269660.635489245,
      "upper_bound": 278033.8965218192
    },
    "point_estimate": 273798.04458504054,
    "standard_error": 2135.935117645776
  },
  "Median": {
    "confidence_interval": {
      "confidence_level": 0.95,
      "lower_bound": 270604.4802631579,
      "upper_bound": 279332.9083333333
    },
    "point_estimate": 275028.1484375,
    "standard_error": 2232.6226911909835
  },
  "MedianAbsDev": {
    "confidence_interval": {
      "confidence_level": 0.95,
      "lower_bound": 11200.767172051857,
      "upper_bound": 21578.146769514125
    },
    "point_estimate": 15506.778730572494,
    "standard_error": 2440.825846801891
  },
  "Slope": {
    "confidence_interval": {
      "confidence_level": 0.95,
      "lower_bound": 271273.51183848875,
      "upper_bound": 278164.33617189614
    },
    "point_estimate": 274668.97458428505,
    "standard_error": 1756.1269417196097
  },
  "StdDev": {
    "confidence_interval": {
      "confidence_level": 0.95,
      "lower_bound": 17103.40200481598,
      "upper_bound": 25488.03634589055
    },
    "point_estimate": 21414.986875408395,
    "standard_error": 2146.8212010063485
  }
}