{
  "Mean": {
    "confidence_interval": {
      "confidence_level": 0.95,
      "lower_bound": 446192.00046839117,
      "upper_bound": 454842.8238255896
    },
    "point_estimate": 450362.7440088314,
    "standard_error": 2205.4318511475744
  },
  "Median": {
    "confidence_interval": {
      "confidence_level": 0.95,
      "lower_bound": 445475.60162601626,
      "upper_bound": 455576.0052083333
    },
    "point_estimate": 447686.23943661974,
    "standard_error": 2678.905102136654
  },
  "MedianAbsDev": {
    "confidence_interval": {
      "confidence_level": 0.95,
      "lower_bound": 12250.138536928338,
      "upper_bound": 18175.297770486388
    },
    "point_estimate": 14939.735584630738,
    "standard_error": 1571.5831426732195
  },
  "Slope": {
    "confidence_interval": {
      "confidence_level": 0.95,
      "lower_bound": 445733.3054426658,
      "upper_bound": 453606.34910367726
    },
    "point_estimate": 449543.9519872088,
    "standard_error": 2008.264559333252
  },
  "StdDev": {
    "confidence_interval": {
      "confidence_level": 0.95,
      "lower_bound": 15492.15178690013,
      "upper_bound": 28723.588953898623
    },
    "point_estimate": 22033.16743561384,
    "standard_error": 3455.7208336864637
  }
}