{
  "Mean": {
    "confidence_interval": {
      "confidence_level": 0.95,
      "lower_bound": 810185.1215853187,
      "upper_bound": 827838.6210843651
    },
    "point_estimate": 818876.9621878527,
    "standard_error": 4501.708717771691
  },
  "Median": {
    "confidence_interval": {
      "confidence_level": 0.95,
      "lower_bound": 808255.4605263158,
      "upper_bound": 820687.8475609756
    },
    "point_estimate": 814941.3620689656,
    "standard_error": 2375.4986665437327
  },
  "MedianAbsDev": {
    "confidence_interval": {
      "confidence_level": 0.95,
      "lower_bound": 16167.314882982559,
      "upper_bound": 29607.185992157596
    },
    "point_estimate": 20845.930776462403,
    "standard_error": 3253.4555868111884
  },
  "Slope": {
    "confidence_interval": {
      "confidence_level": 0.95,
      "lower_bound": 811026.9302802342,
      "upper_bound": 826734.5338449016
    },
    "point_estimate": 818553.54476321,
    "standard_error": 4002.37845718618
  },
  "StdDev": {
    "confidence_interval": {
      "confidence_level": 0.95,
      "lower_bound": 30144.98110167245,
      "upper_bound": 58616.20385055146
    },
    "point_estimate": 45041.41502528247,
    "standard_error": 7280.871235994417
  }
}