{
  "Mean": {
    "confidence_interval": {
      "confidence_level": 0.95,
      "lower_bound": 203901.64106108836,
      "upper_bound": 206614.55268652175
    },
    "point_estimate": 205240.89174742368,
    "standard_error": 693.1066500697699
  },
  "Median": {
    "confidence_interval": {
      "confidence_level": 0.95,
      "lower_bound": 204358.96140350876,
      "upper_bound": 206625.2
    },
    "point_estimate": 205668.465625,
    "standard_error": 567.726148843806
  },
  "MedianAbsDev": {
    "confidence_interval": {
      "confidence_level": 0.95,
      "lower_bound": 3698.2799640522785,
      "upper_bound": 6394.455157309059
    },
    "point_estimate": 4688.689423293223,
    "standard_error": 661.8543159186747
  },
  "Slope": {
    "confidence_interval": {
      "confidence_level": 0.95,
      "lower_bound": 206003.01575631127,
      "upper_bound": 208542.73612684157
    },
    "point_estimate": 207298.27920755293,
    "standard_error": 646.3794264994764
  },
  "StdDev": {
    "confidence_interval": {
      "confidence_level": 0.95,
      "lower_bound": 5329.026538267591,
      "upper_bound": 8532.512653340558
    },
    "point_estimate": 6924.241526892843,
    "standard_error": 825.2409443711036
  }
}