{
  "Mean": {
    "confidence_interval": {
      "confidence_level": 0.95,
      "lower_bound": 204623.0754585586,
      "upper_bound": 208361.00352822346
    },
    "point_estimate": 206529.04599149516,
    "standard_error": 948.1220333158783
  },
  "Median": {
    "confidence_interval": {
      "confidence_level": 0.95,
      "lower_bound": 205509.48518518519,
      "upper_bound": 207442.09473684212
    },
    "point_estimate": 206610.38494623656,
    "standard_error": 469.6658693838242
  },
  "MedianAbsDev": {
    "confidence_interval": {
      "confidence_level": 0.95,
      "lower_bound": 3535.760756027725,
      "upper_bound": 6031.2457003152595
    },
    "point_estimate": 4765.729403348392,
    "standard_error": 618.6423809846428
  },
  "Slope": {
    "confidence_interval": {
      "confidence_level": 0.95,
      "lower_bound": 207839.5592609292,
      "upper_bound": 209908.08524986322
    },
    "point_estimate": 208873.71012760774,
    "standard_error": 528.0804626594052
  },
  "StdDev": {
    "confidence_interval": {
      "confidence_level": 0.95,
      "lower_bound": 5426.188266946732,
      "upper_bound": 13176.790611345054
    },
    "point_estimate": 9476.71301971435,
    "standard_error": 2000.5999997255776
  }
}