{
  "Mean": {
    "confidence_interval": {
      "confidence_level": 0.95,
      "lower_bound": 165953.53024181467,
      "upper_bound": 169638.7228959724
    },
    "point_estimate": 167754.37162722356,
    "standard_error": 939.441072651541
  },
  "Median": {
    "confidence_interval": {
      "confidence_level": 0.95,
      "lower_bound": 165715.83555555556,
      "upper_bound": 168732.19680851063
    },
    "point_estimate": 167014.76016260163,
    "standard_error": 691.8073141940228
  },
  "MedianAbsDev": {
    "confidence_interval": {
      "confidence_level": 0.95,
      "lower_bound": 5218.354375047961,
      "upper_bound": 9982.690935678758
    },
    "point_estimate": 7652.992871527985,
    "standard_error": 1339.5497799285317
  },
  "Slope": {
    "confidence_interval": {
      "confidence_level": 0.95,
      "lower_bound": 166240.1076211728,
      "upper_bound": 169181.80568520777
    },
    "point_estimate": 167698.32866453478,
    "standard_error": 748.5971629387855
  },
  "StdDev": {
    "confidence_interval": {
      "confidence_level": 0.95,
      "lower_bound": 7363.82817585721,
      "upper_bound": 11224.603609510878
    },
    "point_estimate": 9399.946262067506,
    "standard_error": 991.664307769804
  }
}