{
  "Mean": {
    "confidence_interval": {
      "confidence_level": 0.95,
      "lower_bound": 317518.3092646077,
      "upper_bound": 327504.3825050049
    },
    "point_estimate": 321941.7931923953,
    "standard_error": 2556.0314024037043
  },
  "Median": {
    "confidence_interval": {
      "confidence_level": 0.95,
      "lower_bound": 315611.6883561644,
      "upper_bound": 321256.73333333334
    },
    "point_estimate": 318283.570754717,
    "standard_error": 1506.765564047293
  },
  "MedianAbsDev": {
    "confidence_interval": {
      "confidence_level": 0.95,
      "lower_bound": 7752.683803091718,
      "upper_bound": 12731.344835254835
    },
    "point_estimate": 10977.495258167064,
    "standard_error": 1289.8523384763014
  },
  "Slope": {
    "confidence_interval": {
      "confidence_level": 0.95,
      "lower_bound": 317362.4306891522,
      "upper_bound": 322111.675329534
    },
    "point_estimate": 319683.3802063347,
    "standard_error": 1209.2502359154178
  },
  "StdDev": {
    "confidence_interval": {
      "confidence_level": 0.95,
      "lower_bound": 10996.933061656082,
      "upper_bound": 36991.2093755122
    },
    "point_estimate": 25523.865246109784,
    "standard_error": 6728.095362506067
  }
}