{
  "Mean": {
    "confidence_interval": {
      "confidence_level": 0.95,
      "lower_bound": 197013.9082232061,
      "upper_bound": 203098.48579491032
    },
    "point_estimate": 199625.47216680902,
    "standard_error": 1569.7275029497348
  },
  "Median": {
    "confidence_interval": {
      "confidence_level": 0.95,
      "lower_bound": 194709.00854700856,
      "upper_bound": 195771.13218390805
    },
    "point_estimate": 195002.28205128206,
    "standard_error": 254.00280374900873
  },
  "MedianAbsDev": {
    "confidence_interval": {
      "confidence_level": 0.95,
      "lower_bound": 1020.1442873961349,
      "upper_bound": 2560.869475747598
    },
    "point_estimate": 1486.9103998258215,
    "standard_error": 383.5876805999261
  },
  "Slope": {
    "confidence_interval": {
      "confidence_level": 0.95,
      "lower_bound": 196217.882346561,
      "upper_bound": 199209.63872143583
    },
    "point_estimate": 197582.92531292827,
    "standard_error": 769.1241816163974
  },
  "StdDev": {
    "confidence_interval": {
      "confidence_level": 0.95,
      "lower_bound": 5260.4529867697765,
      "upper_bound": 23929.777500192613
    },
    "point_estimate": 15769.313196333802,
    "standard_error": 4963.173425258173
  }
}