{
  "Mean": {
    "confidence_interval": {
      "confidence_level": 0.95,
      "lower_bound": 41250.29558285213,
      "upper_bound": 42018.33371307377
    },
    "point_estimate": 41627.93594349554,
    "standard_error": 195.86204647680617
  },
  "Median": {
    "confidence_interval": {
      "confidence_level": 0.95,
      "lower_bound": 41023.959150326795,
      "upper_bound": 42276.80072463768
    },
    "point_estimate": 41766.795454545456,
    "standard_error": 304.4088736029239
  },
  "MedianAbsDev": {
    "confidence_interval": {
      "confidence_level": 0.95,
      "lower_bound": 1360.6745164472939,
      "upper_bound": 2290.1445209895323
    },
    "point_estimate": 1785.9938410195389,
    "standard_error": 234.83582386159443
  },
  "Slope": {
    "confidence_interval": {
      "confidence_level": 0.95,
      "lower_bound": 42065.33680863373,
      "upper_bound": 42612.01605910576
    },
    "point_estimate": 42347.45863839399,
    "standard_error": 139.1552443171024
  },
  "StdDev": {
    "confidence_interval": {
      "confidence_level": 0.95,
      "lower_bound": 1564.3812366530346,
      "upper_bound": 2355.7534483748677
    },
    "point_estimate": 1959.0794093198092,
    "standard_error": 204.04645131859775
  }
}