{
  "Mean": {
    "confidence_interval": {
      "confidence_level": 0.95,
      "lower_bound": 42138.1984146315,
      "upper_bound": 53521.55949029187
    },
    "point_estimate": 46637.81568109777,
    "standard_error": 3024.4673050904817
  },
  "Median": {
    "confidence_interval": {
      "confidence_level": 0.95,
      "lower_bound": 41679.95304347826,
      "upper_bound": 42164.10105263158
    },
    "point_estimate": 41965.7176,
    "standard_error": 126.87386935236714
  },
  "MedianAbsDev": {
    "confidence_interval": {
      "confidence_level": 0.95,
      "lower_bound": 726.9303056087969,
      "upper_bound": 1764.8480657076734
    },
    "point_estimate": 1208.2600699090988,
    "standard_error": 264.0363359770311
  },
  "Slope": {
    "confidence_interval": {
      "confidence_level": 0.95,
      "lower_bound": 41771.496013458185,
      "upper_bound": 42531.66920208473
    },
    "point_estimate": 42179.345721455764,
    "standard_error": 193.66785980035988
  },
  "StdDev": {
    "confidence_interval": {
      "confidence_level": 0.95,
      "lower_bound": 4249.717793421978,
      "upper_bound": 49755.39637309155
    },
    "point_estimate": 30311.51102034662,
    "standard_error": 13203.649011819634
  }
}