{
  "Mean": {
    "confidence_interval": {
      "confidence_level": 0.95,
      "lower_bound": 1045046.8008092057,
      "upper_bound": 1081515.56417705
    },
    "point_estimate": 1061696.3005132154,
    "standard_error": 9341.507558142075
  },
  "Median": {
    "confidence_interval": {
      "confidence_level": 0.95,
      "lower_bound": 1052702.8636363635,
      "upper_bound": 1060541.2471910112
    },
    "point_estimate": 1056879.546511628,
    "standard_error": 2117.406370751117
  },
  "MedianAbsDev": {
    "confidence_interval": {
      "confidence_level": 0.95,
      "lower_bound": 14573.667476137325,
      "upper_bound": 28292.436290016638
    },
    "point_estimate": 21507.9151200478,
    "standard_error": 3578.1661075456655
  },
  "Slope": {
    "confidence_interval": {
      "confidence_level": 0.95,
      "lower_bound": 1045002.2705934595,
      "upper_bound": 1062610.5082711522
    },
    "point_estimate": 1054289.091362875,
    "standard_error": 4472.707154896057
  },
  "StdDev": {
    "confidence_interval": {
      "confidence_level": 0.95,
      "lower_bound": 41666.533471821174,
      "upper_bound": 134510.22695368057
    },
    "point_estimate": 93319.16281908225,
    "standard_error": 23868.368888248042
  }
}