{
  "Mean": {
    "confidence_interval": {
      "confidence_level": 0.95,
      "lower_bound": 991830.886770116,
      "upper_bound": 1024309.4956587756
    },
    "point_estimate": 1010286.4291297651,
    "standard_error": 8377.686345302236
  },
  "Median": {
    "confidence_interval": {
      "confidence_level": 0.95,
      "lower_bound": 1016565.4838709678,
      "upper_bound": 1020253.7252747252
    },
    "point_estimate": 1018602.9642857143,
    "standard_error": 790.3815878337867
  },
  "MedianAbsDev": {
    "confidence_interval": {
      "confidence_level": 0.95,
      "lower_bound": 5592.266014353717,
      "upper_bound": 9772.391259136955
    },
    "point_estimate": 7330.765261391334,
    "standard_error": 1007.0820311486876
  },
  "Slope": {
    "confidence_interval": {
      "confidence_level": 0.95,
      "lower_bound": 1004084.0664649543,
      "upper_bound": 1025774.5985360338
    },
    "point_estimate": 1015692.2740094411,
    "standard_error": 5530.084539766874
  },
  "StdDev": {
    "confidence_interval": {
      "confidence_level": 0.95,
      "lower_bound": 34110.83299020773,
      "upper_bound": 131018.08415021883
    },
    "point_estimate": 84225.2535893101,
    "standard_error": 28195.530958565538
  }
}