{
  "Mean": {
    "confidence_interval": {
      "confidence_level": 0.95,
      "lower_bound": 427416.1662311271,
      "upper_bound": 437089.06614389236
    },
    "point_estimate": 431736.2846590319,
    "standard_error": 2485.4285698804397
  },
  "Median": {
    "confidence_interval": {
      "confidence_level": 0.95,
      "lower_bound": 423635.88333333336,
      "upper_bound": 427943.6302083333
    },
    "point_estimate": 425883.23456790124,
    "standard_error": 1144.9547326703394
  },
  "MedianAbsDev": {
    "confidence_interval": {
      "confidence_level": 0.95,
      "lower_bound": 7073.351356577821,
      "upper_bound": 12584.625459448638
    },
    "point_estimate": 10380.578116305232,
    "standard_error": 1389.444313491733
  },
  "Slope": {
    "confidence_interval": {
      "confidence_level": 0.95,
      "lower_bound": 425658.8930840012,
      "upper_bound": 433784.798692656
    },
    "point_estimate": 429420.26732145576,
    "standard_error": 2079.623318196075
  },
  "StdDev": {
    "confidence_interval": {
      "confidence_level": 0.95,
      "lower_bound": 12566.416592274887,
      "upper_bound": 36710.619723382624
    },
    "point_estimate": 24889.85072899409,
    "standard_error": 6619.268233548155
  }
}