{
  "Mean": {
    "confidence_interval": {
      "confidence_level": 0.95,
      "lower_bound": 30160.242711476963,
      "upper_bound": 30829.916995681426
    },
    "point_estimate": 30479.80572170353,
    "standard_error": 170.44970605443518
  },
  "Median": {
    "confidence_interval": {
      "confidence_level": 0.95,
      "lower_bound": 30287.80769230769,
      "upper_bound": 30772.566532258064
    },
    "point_estimate": 30486.96186440678,
    "standard_error": 123.97301140919637
  },
  "MedianAbsDev": {
    "confidence_interval": {
      "confidence_level": 0.95,
      "lower_bound": 746.1658813895313,
      "upper_bound": 1281.0728315630017
    },
    "point_estimate": 1031.0965347518006,
    "standard_error": 134.6917220399523
  },
  "Slope": {
    "confidence_interval": {
      "confidence_level": 0.95,
      "lower_bound": 30827.45397586184,
      "upper_bound": 31343.88586404713
    },
    "point_estimate": 31071.575254968022,
    "standard_error": 131.66693134129864
  },
  "StdDev": {
    "confidence_interval": {
      "confidence_level": 0.95,
      "lower_bound": 1132.917240635487,
      "upper_bound": 2305.695187744815
    },
    "point_estimate": 1706.6737245536722,
    "standard_error": 314.03706276562934
  }
}