{
  "Mean": {
    "confidence_interval": {
      "confidence_level": 0.95,
      "lower_bound": 7446923.149054901,
      "upper_bound": 7724423.468566757
    },
    "point_estimate": 7607560.510949073,
    "standard_error": 72174.4293953823
  },
  "Median": {
    "confidence_interval": {
      "confidence_level": 0.95,
      "lower_bound": 7671529.307692308,
      "upper_bound": 7748246.818181818
    },
    "point_estimate": 7721640.238095238,
    "standard_error": 19252.213332338495
  },
  "MedianAbsDev": {
    "confidence_interval": {
      "confidence_level": 0.95,
      "lower_bound": 98640.976848772,
      "upper_bound": 156070.58893235048
    },
    "point_estimate": 129046.59600896463,
    "standard_error": 14632.045516492419
  },
  "Slope": {
    "confidence_interval": {
      "confidence_level": 0.95,
      "lower_bound": 7589983.273367386,
      "upper_bound": 7707953.10526757
    },
    "point_estimate": 7657562.903161261,
    "standard_error": 30337.918346824583
  },
  "StdDev": {
    "confidence_interval": {
      "confidence_level": 0.95,
      "lower_bound": 159014.96109819016,
      "upper_bound": 1119759.6145484769
    },
    "point_estimate": 722415.7911071371,
    "standard_error": 250574.39155592554
  }
}