{
  "Mean": {
    "confidence_interval": {
      "confidence_level": 0.95,
      "lower_bound": 7268657.91655613,
      "upper_bound": 7526376.2989193
    },
    "point_estimate": 7407975.2439365145,
    "standard_error": 66091.72000144521
  },
  "Median": {
    "confidence_interval": {
      "confidence_level": 0.95,
      "lower_bound": 7520503.0,
      "upper_bound": 7597667.243243244
    },
    "point_estimate": 7552060.043478261,
    "standard_error": 15508.77131988577
  },
  "MedianAbsDev": {
    "confidence_interval": {
      "confidence_level": 0.95,
      "lower_bound": 121814.2827057808,
      "upper_bound": 195116.05868429848
    },
    "point_estimate": 161145.14051997062,
    "standard_error": 17671.03609502501
  },
  "Slope": {
    "confidence_interval": {
      "confidence_level": 0.95,
      "lower_bound": 7137129.398446368,
      "upper_bound": 7509770.522215548
    },
    "point_estimate": 7342041.609891884,
    "standard_error": 95446.96443519687
  },
  "StdDev": {
    "confidence_interval": {
      "confidence_level": 0.95,
      "lower_bound": 376611.35382334905,
      "upper_bound": 886667.1998256468
    },
    "point_estimate": 657427.0975268978,
    "standard_error": 129754.05507871798
  }
}