{
  "Mean": {
    "confidence_interval": {
      "confidence_level": 0.95,
      "lower_bound": 1674604.9718039215,
      "upper_bound": 1718378.3223663096
    },
    "point_estimate": 1693529.1900162047,
    "standard_error": 11306.271254038975
  },
  "Median": {
    "confidence_interval": {
      "confidence_level": 0.95,
      "lower_bound": 1659965.4848484849,
      "upper_bound": 1676445.5166666666
    },
    "point_estimate": 1665029.1176470588,
    "standard_error": 3921.370280791591
  },
  "MedianAbsDev": {
    "confidence_interval": {
      "confidence_level": 0.95,
      "lower_bound": 25169.893406204774,
      "upper_bound": 47364.53487411139
    },
    "point_estimate": 33672.318478667425,
    "standard_error": 5723.659750890247
  },
  "Slope": {
    "confidence_interval": {
      "confidence_level": 0.95,
      "lower_bound": 1668775.4975161825,
      "upper_bound": 1695815.0627894714
    },
    "point_estimate": 1681330.6587239227,
    "standard_error": 6890.851241271461
  },
  "StdDev": {
    "confidence_interval": {
      "confidence_level": 0.95,
      "lower_bound": 51609.336551429966,
      "upper_bound": 173856.78580179877
    },
    "point_estimate": 113315.25213527781,
    "standard_error": 36403.27742068399
  }
}