{
  "Mean": {
    "confidence_interval": {
      "confidence_level": 0.95,
      "lower_bound": 2628214.6867833254,
      "upper_bound": 3245569.451449981
    },
    "point_estimate": 2922040.1426315056,
    "standard_error": 157817.5840856175
  },
  "Median": {
    "confidence_interval": {
      "confidence_level": 0.95,
      "lower_bound": 2168268.472222222,
      "upper_bound": 2657558.6296296297
    },
    "point_estimate": 2380208.0235294118,
    "standard_error": 126565.96305680512
  },
  "MedianAbsDev": {
    "confidence_interval": {
      "confidence_level": 0.95,
      "lower_bound": 559444.162896384,
      "upper_bound": 1175766.9517509642
    },
    "point_estimate": 807105.2556384817,
    "standard_error": 156093.37161536526
  },
  "Slope": {
    "confidence_interval": {
      "confidence_level": 0.95,
      "lower_bound": 2099216.945962735,
      "upper_bound": 2347177.1983389147
    },
    "point_estimate": 2213608.7756022536,
    "standard_error": 63214.75524319011
  },
  "StdDev": {
    "confidence_interval": {
      "confidence_level": 0.95,
      "lower_bound": 1099421.4387809513,
      "upper_bound": 1993227.1525646362
    },
    "point_estimate": 1580411.5963030052,
    "standard_error": 227837.74745558496
  }
}