{
  "Mean": {
    "confidence_interval": {
      "confidence_level": 0.95,
      "lower_bound": 2752879.4487638804,
      "upper_bound": 3787494.7646462107
    },
    "point_estimate": 3230445.116171455,
    "standard_error": 265938.51433089544
  },
  "Median": {
    "confidence_interval": {
      "confidence_level": 0.95,
      "lower_bound": 2051382.9423076923,
      "upper_bound": 2529475.5
    },
    "point_estimate": 2323609.1733333333,
    "standard_error": 116631.16850023162
  },
  "MedianAbsDev": {
    "confidence_interval": {
      "confidence_level": 0.95,
      "lower_bound": 464656.3057276247,
      "upper_bound": 1029980.0171992114
    },
    "point_estimate": 735462.0539451203,
    "standard_error": 131293.35633287035
  },
  "Slope": {
    "confidence_interval": {
      "confidence_level": 0.95,
      "lower_bound": 1978104.3085023486,
      "upper_bound": 2228224.1800408824
    },
    "point_estimate": 2086551.3909791382,
    "standard_error": 64063.849362774396
  },
  "StdDev": {
    "confidence_interval": {
      "confidence_level": 0.95,
      "lower_bound": 1609442.8253939978,
      "upper_bound": 3536995.9728527465
    },
    "point_estimate": 2663127.3112098924,
    "standard_error": 488576.07092090364
  }
}