{
  "Mean": {
    "confidence_interval": {
      "confidence_level": 0.95,
      "lower_bound": 21608.729007180005,
      "upper_bound": 22060.712613065734
    },
    "point_estimate": 21840.296100270996,
    "standard_error": 115.81287881578936
  },
  "Median": {
    "confidence_interval": {
      "confidence_level": 0.95,
      "lower_bound": 21895.497435897436,
      "upper_bound": 22259.828985507247
    },
    "point_estimate": 22048.300766283526,
    "standard_error": 94.21789474115401
  },
  "MedianAbsDev": {
    "confidence_interval": {
      "confidence_level": 0.95,
      "lower_bound": 586.6911401859098,
      "upper_bound": 1001.6575666183617
    },
    "point_estimate": 804.8598777909655,
    "standard_error": 109.37419717781745
  },
  "Slope": {
    "confidence_interval": {
      "confidence_level": 0.95,
      "lower_bound": 21972.70809613809,
      "upper_bound": 22429.050481252605
    },
    "point_estimate": 22221.10191651862,
    "standard_error": 116.6699285272766
  },
  "StdDev": {
    "confidence_interval": {
      "confidence_level": 0.95,
      "lower_bound": 911.3129300906884,
      "upper_bound": 1375.9433039856797
    },
    "point_estimate": 1158.3899229751778,
    "standard_error": 118.63642072979029
  }
}