{
  "Mean": {
    "confidence_interval": {
      "confidence_level": 0.95,
      "lower_bound": 21498.456859799608,
      "upper_bound": 22032.019528249362
    },
    "point_estimate": 21751.48140752315,
    "standard_error": 135.9188489301292
  },
  "Median": {
    "confidence_interval": {
      "confidence_level": 0.95,
      "lower_bound": 21629.139031339033,
      "upper_bound": 21992.416666666668
    },
    "point_estimate": 21845.84271604938,
    "standard_error": 98.79149151934405
  },
  "MedianAbsDev": {
    "confidence_interval": {
      "confidence_level": 0.95,
      "lower_bound": 508.4871299355139,
      "upper_bound": 963.1025188472045
    },
    "point_estimate": 700.3505922060266,
    "standard_error": 121.3969562643831
  },
  "Slope": {
    "confidence_interval": {
      "confidence_level": 0.95,
      "lower_bound": 21571.137711130876,
      "upper_bound": 22119.502233897998
    },
    "point_estimate": 21870.590040573235,
    "standard_error": 140.34379700267283
  },
  "StdDev": {
    "confidence_interval": {
      "confidence_level": 0.95,
      "lower_bound": 905.5017183767465,
      "upper_bound": 1861.24832321612
    },
    "point_estimate": 1356.1587007234696,
    "standard_error": 259.9350545210533
  }
}