{
  "Mean": {
    "confidence_interval": {
      "confidence_level": 0.95,
      "lower_bound": 212687.43586703786,
      "upper_bound": 215389.4932558261
    },
    "point_estimate": 213914.439751088,
    "standard_error": 692.543222814498
  },
  "Median": {
    "confidence_interval": {
      "confidence_level": 0.95,
      "lower_bound": 211637.325,
      "upper_bound": 211993.7
    },
    "point_estimate": 211826.48863636365,
    "standard_error": 86.57217846847588
  },
  "MedianAbsDev": {
    "confidence_interval": {
      "confidence_level": 0.95,
      "lower_bound": 442.8220188049896,
      "upper_bound": 836.241743405983
    },
    "point_estimate": 646.4798562499337,
    "standard_error": 101.6570990721079
  },
  "Slope": {
    "confidence_interval": {
      "confidence_level": 0.95,
      "lower_bound": 212816.66295357025,
      "upper_bound": 216056.93517669177
    },
    "point_estimate": 214270.6189986295,
    "standard_error": 832.2976007827178
  },
  "StdDev": {
    "confidence_interval": {
      "confidence_level": 0.95,
      "lower_bound": 3811.0627309947445,
      "upper_bound": 9431.37802405254
    },
    "point_estimate": 6916.5941636741745,
    "standard_error": 1430.991212661703
  }
}