{
  "Mean": {
    "confidence_interval": {
      "confidence_level": 0.95,
      "lower_bound": 208943.06495656478,
      "upper_bound": 211017.14718714156
    },
    "point_estimate": 209830.59663179365,
    "standard_error": 534.988117898647
  },
  "Median": {
    "confidence_interval": {
      "confidence_level": 0.95,
      "lower_bound": 208434.59069767443,
      "upper_bound": 208945.37142857144
    },
    "point_estimate": 208636.05352112677,
    "standard_error": 105.27034811571603
  },
  "MedianAbsDev": {
    "confidence_interval": {
      "confidence_level": 0.95,
      "lower_bound": 709.8231872900097,
      "upper_bound": 1388.248564588135
    },
    "point_estimate": 948.3248601570415,
    "standard_error": 166.67076985823098
  },
  "Slope": {
    "confidence_interval": {
      "confidence_level": 0.95,
      "lower_bound": 209022.07973137798,
      "upper_bound": 210256.42634341694
    },
    "point_estimate": 209586.07186721487,
    "standard_error": 316.59160190730967
  },
  "StdDev": {
    "confidence_interval": {
      "confidence_level": 0.95,
      "lower_bound": 1887.5227023756274,
      "upper_bound": 8243.147241254
    },
    "point_estimate": 5361.223597469678,
    "standard_error": 1699.8859619621699
  }
}