{
  "Mean": {
    "confidence_interval": {
      "confidence_level": 0.95,
      "lower_bound": 1428710.010702378,
      "upper_bound": 1481991.4867358
    },
    "point_estimate": 1455848.3147071323,
    "standard_error": 13525.966758516977
  },
  "Median": {
    "confidence_interval": {
      "confidence_level": 0.95,
      "lower_bound": 1435590.8125,
      "upper_bound": 1463134.4
    },
    "point_estimate": 1448929.2727272727,
    "standard_error": 7284.205511163839
  },
  "MedianAbsDev": {
    "confidence_interval": {
      "confidence_level": 0.95,
      "lower_bound": 42094.233284217386,
      "upper_bound": 75086.85480756685
    },
    "point_estimate": 56082.684479199605,
    "standard_error": 8203.23304571194
  },
  "Slope": {
    "confidence_interval": {
      "confidence_level": 0.95,
      "lower_bound": 1358714.7778781506,
      "upper_bound": 1451457.6279087642
    },
    "point_estimate": 1411342.7681742043,
    "standard_error": 24185.30294517921
  },
  "StdDev": {
    "confidence_interval": {
      "confidence_level": 0.95,
      "lower_bound": 83790.2633495633,
      "upper_bound": 180456.22537550976
    },
    "point_estimate": 134908.27108127926,
    "standard_error": 24713.70715135615
  }
}