{
  "Mean": {
    "confidence_interval": {
      "confidence_level": 0.95,
      "lower_bound": 1292477.6599349824,
      "upper_bound": 1328702.1238255228
    },
    "point_estimate": 1310110.2565828518,
    "standard_error": 9234.852227727128
  },
  "Median": {
    "confidence_interval": {
      "confidence_level": 0.95,
      "lower_bound": 1283947.826923077,
      "upper_bound": 1304856.238095238
    },
    "point_estimate": 1293126.9393939395,
    "standard_error": 4838.506874781971
  },
  "MedianAbsDev": {
    "confidence_interval": {
      "confidence_level": 0.95,
      "lower_bound": 33169.937672654654,
      "upper_bound": 53897.798888466845
    },
    "point_estimate": 39473.72800956068,
    "standard_error": 5684.667729049848
  },
  "Slope": {
    "confidence_interval": {
      "confidence_level": 0.95,
      "lower_bound": 1289185.0705361825,
      "upper_bound": 1314499.9985451752
    },
    "point_estimate": 1301169.0623328765,
    "standard_error": 6483.087844497333
  },
  "StdDev": {
    "confidence_interval": {
      "confidence_level": 0.95,
      "lower_bound": 68108.34822848938,
      "upper_bound": 114017.23390572115
    },
    "point_estimate": 92608.60900423452,
    "standard_error": 11757.660602268865
  }
}