{
  "Mean": {
    "confidence_interval": {
      "confidence_level": 0.95,
      "lower_bound": 298644.832425885,
      "upper_bound": 302344.12709205295
    },
    "point_estimate": 300379.58683264995,
    "standard_error": 946.1844525853747
  },
  "Median": {
    "confidence_interval": {
      "confidence_level": 0.95,
      "lower_bound": 296574.28125,
      "upper_bound": 296990.38607594935
    },
    "point_estimate": 296738.375,
    "standard_error": 90.41719802694288
  },
  "MedianAbsDev": {
    "confidence_interval": {
      "confidence_level": 0.95,
      "lower_bound": 720.0550031255827,
      "upper_bound": 1524.8850637305604
    },
    "point_estimate": 936.7993258684701,
    "standard_error": 200.61138758076822
  },
  "Slope": {
    "confidence_interval": {
      "confidence_level": 0.95,
      "lower_bound": 298194.97190898104,
      "upper_bound": 301096.0155438626
    },
    "point_estimate": 299547.2027333638,
    "standard_error": 742.5495767055344
  },
  "StdDev": {
    "confidence_interval": {
      "confidence_level": 0.95,
      "lower_bound": 6474.309293272643,
      "upper_bound": 11974.28222056772
    },
    "point_estimate": 9491.238914502219,
    "standard_error": 1404.9143336876557
  }
}