{
  "Mean": {
    "confidence_interval": {
      "confidence_level": 0.95,
      "lower_bound": 128882.89335911252,
      "upper_bound": 131469.58647068433
    },
    "point_estimate": 130069.04142208329,
    "standard_error": 664.6071232708106
  },
  "Median": {
    "confidence_interval": {
      "confidence_level": 0.95,
      "lower_bound": 127583.22916666667,
      "upper_bound": 127800.23138297872
    },
    "point_estimate": 127640.7854477612,
    "standard_error": 54.8753167148422
  },
  "MedianAbsDev": {
    "confidence_interval": {
      "confidence_level": 0.95,
      "lower_bound": 307.57009196150835,
      "upper_bound": 693.3460813954433
    },
    "point_estimate": 449.481377379345,
    "standard_error": 96.31539865987232
  },
  "Slope": {
    "confidence_interval": {
      "confidence_level": 0.95,
      "lower_bound": 128455.77840911402,
      "upper_bound": 130161.45414824768
    },
    "point_estimate": 129249.19806761078,
    "standard_error": 436.96868804245923
  },
  "StdDev": {
    "confidence_interval": {
      "confidence_level": 0.95,
      "lower_bound": 4064.386970048062,
      "upper_bound": 8752.391808088038
    },
    "point_estimate": 6643.488144759024,
    "standard_error": 1196.9170810811768
  }
}