{
  "Mean": {
    "confidence_interval": {
      "confidence_level": 0.95,
      "lower_bound": 388777.47588997585,
      "upper_bound": 407112.9103100222
    },
    "point_estimate": 395573.17006556835,
    "standard_error": 5090.043887116683
  },
  "Median": {
    "confidence_interval": {
      "confidence_level": 0.95,
      "lower_bound": 389994.86666666664,
      "upper_bound": 392161.4188034188
    },
    "point_estimate": 391403.7628205128,
    "standard_error": 577.1285490589647
  },
  "MedianAbsDev": {
    "confidence_interval": {
      "confidence_level": 0.95,
      "lower_bound": 4322.858401779514,
      "upper_bound": 9091.418670767083
    },
    "point_estimate": 6033.207128842286,
    "standard_error": 1226.7438385974333
  },
  "Slope": {
    "confidence_interval": {
      "confidence_level": 0.95,
      "lower_bound": 389117.5614660895,
      "upper_bound": 392338.27679519897
    },
    "point_estimate": 390744.2576143343,
    "standard_error": 821.0542175865003
  },
  "StdDev": {
    "confidence_interval": {
      "confidence_level": 0.95,
      "lower_bound": 9178.399645532843,
      "upper_bound": 85568.09700194486
    },
    "point_estimate": 50788.728478411205,
    "standard_error": 25831.332524551446
  }
}