{
  "Mean": {
    "confidence_interval": {
      "confidence_level": 0.95,
      "lower_bound": 317323.8458225113,
      "upper_bound": 323590.50015392917
    },
    "point_estimate": 320273.6211485941,
    "standard_error": 1606.2663238646594
  },
  "Median": {
    "confidence_interval": {
      "confidence_level": 0.95,
      "lower_bound": 315417.940625,
      "upper_bound": 319290.32368421054
    },
    "point_estimate": 316972.9893617021,
    "standard_error": 822.8835131942371
  },
  "MedianAbsDev": {
    "confidence_interval": {
      "confidence_level": 0.95,
      "lower_bound": 6257.960312432721,
      "upper_bound": 12345.26213538067
    },
    "point_estimate": 9157.130987710043,
    "standard_error": 1581.170032673947
  },
  "Slope": {
    "confidence_interval": {
      "confidence_level": 0.95,
      "lower_bound": 314700.4865718588,
      "upper_bound": 319740.5514762795
    },
    "point_estimate": 317107.109049033,
    "standard_error": 1284.8425836262459
  },
  "StdDev": {
    "confidence_interval": {
      "confidence_level": 0.95,
      "lower_bound": 11017.634015692202,
      "upper_bound": 20589.584596630106
    },
    "point_estimate": 16040.167418973726,
    "standard_error": 2455.614409012625
  }
}