{
  "Mean": {
    "confidence_interval": {
      "confidence_level": 0.95,
      "lower_bound": 277033.05772756936,
      "upper_bound": 285723.69231290027
    },
    "point_estimate": 280916.3387997867,
    "standard_error": 2220.650804549711
  },
  "Median": {
    "confidence_interval": {
      "confidence_level": 0.95,
      "lower_bound": 275748.2,
      "upper_bound": 282524.6217948718
    },
    "point_estimate": 279323.70714285714,
    "standard_error": 1563.5914145880315
  },
  "MedianAbsDev": {
    "confidence_interval": {
      "confidence_level": 0.95,
      "lower_bound": 10050.82411751803,
      "upper_bound": 15186.81139016277
    },
    "point_estimate": 12237.892713215919,
    "standard_error": 1352.731566727961
  },
  "Slope": {
    "confidence_interval": {
      "confidence_level": 0.95,
      "lower_bound": 274700.21391406993,
      "upper_bound": 279961.93941196956
    },
    "point_estimate": 277382.9312524745,
    "standard_error": 1344.6015915670973
  },
  "StdDev": {
    "confidence_interval": {
      "confidence_level": 0.95,
      "lower_bound": 12030.980799188359,
      "upper_bound": 32870.178078640754
    },
    "point_estimate": 22137.8434829439,
    "standard_error": 5996.066280875596
  }
}